id,name,age
1,山田 太郎,28
2,佐藤 花子,34
3,鈴木 次郎,26
4,高橋 美咲,31
5,田中 健太,25
6,伊藤 彩,29
7,渡辺 翔太,33
8,中村 優子,27
9,小林 大輔,35
10,加藤 美優,30
11,吉田 智也,32
12,山口 恵,26
13,松本 翼,24
14,井上 結衣,29
15,斎藤 隆,36
16,木村 明日香,28
17,林 悠真,31
18,清水 千尋,25
19,山崎 悠人,27
20,森 香織,34
21,池田 海斗,26
22,橋本 真央,30
23,阿部 拓海,33
24,石川 茜,32
25,山本 慶,28
26,中島 朋美,29
27,藤田 蓮,27
28,小川 瑠衣,31
29,岡田 陽向,25
30,三浦 真理,35
31,高木 直樹,30
32,大野 美咲,34
33,原田 亮,26
34,西村 美月,29
35,藤井 陽子,32
36,小野 大和,28
37,田村 美咲,31
38,山下 陽介,25
39,中川 美和,27
40,長谷川 直人,34
41,小松 美咲,26
42,佐々木 陽一,30
43,高田 美咲,33
44,川口 美咲,32
45,大西 陽子,28
46,村上 陽介,29
47,岡本 美咲,27
48,木下 陽一,31
49,藤原 美咲,25
50,山田 陽介,35
51,佐藤 美咲,30
52,鈴木 陽介,34
53,高橋 陽子,26
54,田中 陽一,29
55,伊藤 陽介,32
56,渡辺 陽子,28
57,中村 陽介,31
58,小林 陽子,25
59,加藤 陽一,27
60,吉田 陽介,34
61,山口 陽子,26
62,松本 陽介,30
63,井上 陽子,33
64,斎藤 陽介,32
65,木村 陽子,28
66,林 陽介,31
67,清水 陽子,25
68,山崎 陽介,27
69,森 陽子,34
70,池田 陽介,26
71,橋本 陽子,30
72,阿部 陽介,33
73,石川 陽子,32
74,山本 陽介,28
75,中島 陽介,29
76,藤田 陽子,27
77,小川 陽介,31
78,岡田 陽子,25
79,三浦 陽介,35
80,高木 陽子,30
81,大野 陽介,34
82,原田 陽子,26
83,西村 陽介,29
84,藤井 陽介,32
85,小野 陽子,28
86,田村 陽介,31
87,山下 陽子,25
88,中川 陽介,27
89,長谷川 陽子,34
90,小松 陽介,26
91,佐々木 陽子,30
92,高田 陽介,33
93,川口 陽子,32
94,大西 陽介,28
95,村上 陽子,29
96,岡本 陽介,27
97,木下 陽子,31
98,藤原 陽介,25
99,山田 陽介,35
100,佐藤 陽子,30
